Computational complexity theory,Analysis of algorithms,Big O notation,Total order,Sorting algorithm,Quicksort,Time complexity,Space complexity,Array data structure,Bubble sort,Insertion sort,Merge sort,Heapsort,Selection sort,Shellsort,Radix sort,Gnome sort,y
391,230,1683,243,995,1391,861,40,542,896,895,895,568,527,199,402,72,230
450,281,1882,278,1132,1679,980,64,575,1072,1080,1095,718,636,227,555,63,290
645,405,2836,385,1774,2624,1273,69,864,1605,1563,1697,1001,911,303,701,87,428
665,361,2928,350,1687,2627,1349,72,986,1605,1669,1863,1126,985,304,684,66,414
578,307,2925,350,1622,2664,1246,63,843,1537,1625,1884,982,1002,301,723,74,390
588,303,2942,389,1708,2292,1238,57,840,1494,1497,1639,874,924,284,823,79,361
617,277,2446,278,1445,2036,1108,59,742,1308,1277,1411,784,752,244,694,75,335
441,199,1574,232,1261,1348,881,51,559,919,789,949,636,509,191,866,96,235
489,303,1863,245,1261,1793,868,70,689,1043,1171,1191,663,730,255,796,88,298
695,356,2935,358,1770,2543,1320,84,900,1609,1542,1601,1009,889,401,847,92,424
622,410,3198,381,1857,2485,1329,69,191459,1564,1714,1693,859,976,391,910,175,445
683,334,2852,388,1852,2483,1231,70,498068,1542,1625,1781,921,896,365,941,120,428
606,370,2852,345,1745,2399,1267,76,919,1542,1664,1580,938,921,302,843,82,414
594,318,2308,325,1600,2016,1084,49,859,1336,1358,1281,741,756,254,736,84,313
480,266,1717,286,1313,1577,860,54,693,1044,1052,1108,754,582,280,730,116,233
471,282,1841,234,1391,1697,887,48,621,1238,1129,1156,805,778,281,641,106,318
617,372,2728,372,1948,2278,1274,61,893,1710,1794,1571,904,1051,315,866,136,399
631,392,3020,435,2051,2588,1351,68,969,1696,1800,1741,1042,1067,308,924,122,419
942,465,4766,444,2182,2942,1520,76,1076,1670,1733,1750,1078,1153,358,903,147,415
657,315,2953,335,1905,2441,1344,79,842,1474,1709,1587,895,1003,299,865,160,379
579,310,2655,313,1627,2066,1164,66,930,1294,1486,1484,752,902,266,717,177,343
440,255,1859,248,1262,1461,798,44,578,889,956,1079,525,528,181,531,95,238
528,321,2066,264,1450,1620,931,54,650,1187,1264,1207,661,713,246,641,120,323
730,394,3586,359,2771,2429,1400,86,939,1685,1740,1600,1003,1164,329,848,137,439
694,421,3394,397,2099,2409,1435,74,1012,1754,1640,1677,1007,1026,373,879,144,399
672,418,3211,368,2301,2615,1289,70,908,2088,1786,1793,1035,1147,408,931,152,366
609,317,2963,390,2474,2532,1320,68,824,1287,1513,1585,845,924,359,854,150,353
565,335,2653,294,2632,2136,1179,58,684,1250,1301,1308,779,852,290,804,218,341
470,285,1739,299,1723,1540,826,58,587,921,989,1097,547,550,203,669,198,238
519,286,1926,249,1802,1747,937,69,656,1035,1197,1324,634,621,243,708,205,269
636,404,2928,340,2224,2412,1393,72,910,1647,1738,1849,972,971,392,883,222,429
683,372,2850,355,2172,2544,1290,74,896,1585,1847,1734,966,1517,667,1047,301,390
680,375,2834,317,2249,2379,1242,65,847,1578,1813,1711,982,1213,519,850,173,387
731,378,2509,341,1760,2068,1088,61,764,1274,1409,1283,762,810,363,772,143,321
486,287,1904,283,1386,1604,915,47,615,970,1120,1030,597,592,263,562,158,236
610,294,1501,200,1219,1412,734,57,526,755,916,924,526,474,265,546,117,226
642,333,1597,300,1178,1535,820,51,581,814,1037,1059,602,605,225,609,109,262
795,373,2489,359,1780,2142,1420,75,964,1330,1621,1490,883,881,371,918,142,377
651,390,2748,352,1951,2528,1363,76,871,1470,1864,1648,935,992,430,858,131,385
640,410,2795,353,1887,2392,1341,84,852,1595,1749,1598,913,977,382,876,135,373
621,396,2823,402,1801,2284,1275,62,831,1547,1747,1545,906,1005,408,885,124,375
576,299,2388,355,1580,1878,1126,59,836,1164,1404,1333,757,844,344,734,122,324
406,239,1578,190,1111,1299,874,50,596,875,983,878,595,580,207,623,91,250
490,253,1908,300,1240,1493,898,48,677,971,1171,1062,640,623,306,609,117,281
576,321,2561,355,1816,2015,1135,61,784,1531,1658,1477,920,903,442,719,132,422
624,326,2568,346,1802,2085,1195,66,770,1500,1789,1611,832,992,436,705,104,345
600,311,2391,329,1484,1921,1204,61,758,1229,1642,1371,770,838,319,627,101,316
636,317,2584,300,1922,2241,1315,84,854,1324,1903,1562,858,888,393,705,120,339
691,273,2347,315,1712,1888,1094,54,713,1097,1386,1174,728,641,324,620,70,279
471,278,1714,195,1161,1445,762,65,533,740,1031,957,512,519,271,475,56,224
595,291,1938,252,1373,1551,1041,55,616,960,1178,1143,633,690,249,551,83,250
641,389,2535,324,1760,2212,1564,78,1010,1366,1676,1613,798,975,421,704,123,348
715,355,3041,344,1723,2206,1514,86,849,1418,1691,1602,851,910,325,725,110,290
681,375,2763,324,1698,2044,1301,54,818,1222,1483,1458,783,855,320,663,111,284
667,335,2753,359,1855,1976,1328,58,854,1362,1489,1418,776,794,278,660,71,321
583,302,2395,335,1486,1818,1289,67,722,1341,1316,1282,713,705,258,563,80,376
467,288,1615,347,1036,1260,812,58,608,826,927,955,563,544,209,403,44,219
491,270,1719,274,1163,1559,894,56,558,914,1120,1222,634,705,237,562,57,283
568,346,2602,341,1619,2283,1327,55,792,1293,1656,1507,978,900,324,706,79,369
605,390,2739,393,1736,2100,1224,50,801,1385,1669,1513,787,899,309,759,75,362
616,376,2713,377,1617,2331,1272,44,835,1361,1763,1687,898,938,285,785,88,340
683,269,2486,384,1747,2254,1208,56,841,1251,1579,1565,776,762,301,741,76,349
528,264,2211,277,1466,1899,1131,57,778,1112,1532,1447,683,865,257,518,69,289
456,193,1510,239,1044,1206,825,43,505,828,866,821,495,499,197,444,75,238
462,248,1751,264,1224,1398,878,61,625,992,1070,1010,604,592,197,513,102,219
525,253,2388,357,1659,1989,1196,62,845,1235,1392,1358,774,944,307,656,116,343
578,337,2671,359,1554,1973,1321,64,824,1283,1359,1250,829,779,321,607,91,285
560,282,2544,315,1612,2082,1283,47,873,1200,1314,1448,814,723,297,674,64,342
532,254,2373,304,1525,1908,1152,60,790,1145,1283,1304,690,597,327,572,63,291
536,313,2001,243,1224,1578,1109,50,652,1018,1000,1154,598,521,325,645,51,281
462,230,1444,208,822,1184,874,37,532,723,773,799,399,380,164,344,27,206
553,271,1548,214,996,1219,836,57,515,808,1057,833,474,476,187,382,179,217
562,317,1976,262,1288,1675,1018,49,642,1035,1154,1110,587,569,250,510,118,294
637,332,2394,318,1719,1936,1300,67,908,1082,1265,1373,686,628,300,753,88,274
615,296,2288,353,1401,1758,1074,60,702,1038,1199,1222,661,628,268,627,74,268
609,351,2182,257,1338,1662,1115,39,733,978,1042,1158,607,586,248,530,84,272
587,286,1876,250,1105,1285,930,53,620,831,925,1037,551,517,184,466,49,251
394,217,1431,190,800,962,735,62,576,674,725,672,439,340,192,282,51,155
411,234,1627,199,869,1219,848,47,557,710,896,907,570,480,239,407,29,189
532,290,2286,355,1314,1636,1175,80,746,1017,1095,1188,701,607,228,508,53,257
671,276,2328,323,1447,1625,1150,71,718,922,985,1133,643,551,203,515,55,271
516,271,2252,242,1175,1487,1021,59,650,1035,1004,1146,625,521,252,441,65,244
552,284,2157,261,1267,1508,1107,68,627,971,1003,1085,587,548,216,452,63,235
428,239,1901,218,1062,1310,939,45,621,857,869,991,532,476,215,411,64,169
349,169,1319,188,791,984,692,39,411,644,667,707,389,351,170,315,36,184
430,217,1468,221,870,1215,797,63,481,735,751,879,470,367,179,355,40,181
512,283,2238,309,1314,1750,1156,68,584,1084,1165,1228,661,590,261,510,55,228
540,338,2396,276,1427,1825,1362,79,692,1030,1237,1230,731,660,282,560,60,232
536,293,2242,297,1337,1631,1314,52,662,1021,1170,1139,674,604,238,489,66,253
514,237,2141,224,1343,1605,1147,39,707,976,1052,1071,641,610,219,461,57,261
418,256,1882,220,1227,1477,915,54,654,907,897,911,529,481,210,427,48,234
371,236,1301,199,855,1025,685,52,499,658,705,744,371,389,155,293,38,163
405,216,1387,202,903,1118,746,47,509,738,683,735,440,419,183,307,39,177
524,300,2104,292,1247,1575,1055,68,672,1046,1021,1103,623,589,251,521,59,203
504,265,2104,249,1245,1570,947,58,656,1028,1015,1025,570,583,225,522,39,250
543,281,2101,272,1287,1456,995,55,732,1113,860,1018,589,489,216,413,67,221
547,238,2028,286,1084,1411,1137,62,661,950,893,960,574,485,230,372,44,212
480,254,1781,228,999,1231,888,53,649,766,766,876,459,410,176,335,42,222
346,161,1215,232,713,937,663,29,508,606,568,657,368,347,147,275,37,177
388,225,1357,181,796,988,679,36,453,646,673,697,413,370,169,377,36,183
516,301,1968,248,1121,1478,1034,56,695,993,991,979,611,477,210,502,64,291
552,296,2096,252,1312,1485,1080,71,700,994,973,1028,590,493,271,528,42,264
504,254,2004,297,1210,1457,1104,146,568,878,945,1081,568,504,236,398,48,256
502,244,1846,216,1119,1285,910,94,652,785,788,946,587,467,209,444,50,233
489,252,1607,186,984,1256,860,60,591,732,723,888,457,369,178,804,34,217
338,183,1116,176,711,823,668,38,517,554,637,604,374,317,124,344,44,136
356,193,1278,188,755,913,701,48,432,604,587,731,319,314,139,318,27,168
445,278,1864,213,1160,1341,996,67,633,892,836,909,554,404,164,417,46,227
462,296,1964,275,1202,1352,1001,74,642,955,831,1006,483,502,203,427,53,192
515,238,1841,276,1319,1822,1216,70,707,923,792,903,502,442,193,442,47,241
443,218,1566,212,1028,1154,941,46,614,726,681,748,408,365,199,401,50,176
417,246,1533,221,922,1089,906,47,1107,704,643,672,489,319,150,333,31,169
351,170,1159,181,772,850,728,41,464,527,558,617,327,315,116,210,40,116
335,172,1189,172,929,947,725,45,534,592,539,653,327,327,139,288,47,161
871,278,1828,279,1214,1342,1038,44,809,883,867,968,519,468,187,427,63,197
463,302,1916,227,1053,1301,1006,67,1203,883,838,951,525,454,161,384,53,196
448,287,1836,233,1126,1328,1048,49,696,821,855,1035,466,485,149,400,52,236
524,269,2062,235,1211,1232,973,48,704,843,764,820,472,413,172,393,52,218
447,214,1716,176,1072,1228,854,55,694,754,706,833,464,371,134,343,43,166
556,256,1173,160,734,876,658,51,477,544,496,565,303,313,97,262,27,116
337,216,1226,176,996,891,677,56,507,677,579,630,387,335,114,274,53,133
511,283,1846,254,1113,1314,1071,81,654,819,969,859,450,432,180,360,66,219
496,262,1910,285,1146,1340,1010,58,729,812,844,905,504,506,171,404,69,240
481,256,1934,256,1233,1373,1044,60,669,889,831,949,466,499,207,406,84,234
459,260,1908,198,1194,1309,1019,90,711,885,846,882,444,437,164,357,65,186
426,253,1677,232,1023,1171,825,59,613,778,706,776,399,394,128,301,38,173
336,177,1182,178,704,804,622,45,479,570,532,584,329,293,97,258,23,132
375,205,1342,207,773,1025,651,42,531,596,771,634,407,324,139,278,41,141
465,275,1853,269,1090,1372,985,69,714,896,835,945,498,415,178,454,46,252
443,324,1994,255,1219,1409,1063,80,809,913,893,923,519,516,220,450,45,233
459,280,2028,227,1089,1392,968,73,734,816,862,899,521,435,221,457,59,264
517,259,1968,251,1066,1308,954,64,692,767,816,801,535,448,177,444,51,209
464,284,1726,199,880,1192,859,62,621,692,652,745,443,321,148,400,47,191
529,234,1298,172,732,946,706,60,520,543,589,567,351,317,140,346,40,160
394,259,1407,160,687,997,903,58,542,670,620,637,350,349,137,301,24,157
488,240,2298,249,986,1371,1211,90,733,985,848,866,462,446,241,466,64,218
502,294,2313,258,1095,1401,1156,74,837,865,827,924,503,519,191,525,32,241
453,326,1955,243,1091,1433,1148,81,747,852,819,937,529,522,172,416,37,173
479,232,1865,275,1092,1304,957,75,820,882,851,961,513,466,212,466,44,224
452,243,1805,237,1013,1178,885,58,745,731,699,776,433,378,145,412,33,182
327,217,1201,174,756,872,609,50,601,620,504,590,336,312,110,362,25,142
370,217,1794,201,772,1003,786,59,694,572,569,705,363,340,147,386,18,149
524,298,2076,243,1099,1282,916,64,874,937,901,890,507,459,199,328,27,207
408,257,2262,265,1084,1396,943,67,930,904,901,936,570,497,203,421,40,223
454,288,2116,292,1136,1455,953,95,809,926,874,917,539,485,205,420,38,206
483,283,1938,248,1043,1383,947,87,825,842,790,830,592,439,178,479,40,187
440,210,1721,236,934,1137,796,72,676,746,725,721,408,424,150,447,38,164
322,160,1236,176,708,935,630,59,528,614,605,541,329,355,157,237,43,121
346,191,1357,192,698,938,609,45,476,553,579,565,351,333,115,274,25,126
442,278,2029,259,1002,1393,960,74,826,908,861,801,503,447,213,383,26,221
479,268,1958,311,1061,1545,901,57,858,875,826,852,514,474,199,416,47,181
427,256,2143,268,1024,1481,928,65,823,944,752,921,487,462,177,389,28,174
479,231,1822,237,950,1208,839,69,638,741,654,796,418,386,146,386,45,145
431,235,1775,259,927,1194,787,75,669,722,676,793,383,412,177,372,50,169
334,179,1214,197,733,918,769,45,569,601,585,645,309,376,142,307,31,148
383,251,1275,181,845,1007,904,83,705,728,627,696,396,411,161,353,23,179
494,290,2001,258,1106,1502,1023,85,825,922,959,991,470,490,188,471,43,239
548,310,2225,280,1140,1504,1057,85,914,1048,1021,1019,520,547,185,540,40,193
493,293,2095,270,1146,1491,1074,83,1021,1043,960,972,540,497,188,655,39,199
513,312,2260,258,1210,1537,1096,80,863,1026,1034,1048,541,550,211,426,48,224
619,269,1951,210,983,1249,888,70,702,796,737,893,558,409,178,357,43,162
514,229,1156,204,779,962,624,63,618,612,626,579,353,347,129,252,29,147
372,217,1332,220,839,1050,664,68,745,642,719,671,419,423,161,287,23,111
462,277,2192,291,1380,1522,1033,91,926,1034,1083,980,640,525,201,353,40,198
565,321,2406,274,1325,1632,1054,96,980,1104,1220,1037,604,588,266,477,46,239
507,259,2478,269,1608,1635,1060,80,977,1277,1126,1139,598,536,248,501,46,259
607,288,2458,264,1455,1648,1061,98,1026,1213,1087,977,560,561,267,583,55,212
492,274,2156,250,1307,1414,933,106,765,891,938,993,491,519,202,726,42,186
377,185,1385,215,963,917,696,72,717,626,659,671,364,366,180,430,28,137
443,285,1603,182,980,999,773,84,589,720,702,712,419,422,154,383,50,165
519,278,2258,265,1821,2053,977,75,735,1729,1420,1351,740,757,398,2969,164,361
548,344,2869,388,1983,2189,1193,107,963,1608,1403,1464,796,738,490,1776,119,276
501,356,2869,421,1430,1829,1154,118,980,1350,1363,1293,630,693,290,567,59,274
610,329,2954,356,1384,1657,1092,90,948,1282,1215,1248,633,769,244,563,55,216
450,287,2483,298,1223,1484,979,75,745,999,1039,981,524,562,171,463,56,197
365,229,1712,230,994,983,732,49,553,781,811,768,429,420,169,371,36,148
466,729,2016,294,984,1541,887,58,692,809,873,956,481,479,195,433,24,161
537,348,3383,332,1454,1906,1221,73,906,1155,1371,1216,654,751,269,526,50,233
573,371,3383,347,1697,1926,1376,121,921,1307,1358,1471,683,778,309,507,66,262
630,332,3390,418,1482,2868,1369,106,966,1195,1364,1425,697,762,446,553,76,302
529,319,3339,339,1466,2175,1282,78,944,1270,1338,1310,608,765,381,616,62,305
503,287,2574,281,1295,1689,1088,76,896,1023,1064,1159,546,602,261,501,37,214
427,197,1784,228,828,1062,773,55,616,723,842,900,423,421,293,319,29,173
411,299,2263,277,1097,1306,926,67,760,920,1080,940,570,636,286,443,52,184
539,330,3302,340,1535,2127,1214,96,977,1370,1620,1507,741,859,395,622,61,311
562,375,3352,348,1634,2237,1330,95,1061,1377,1607,1611,812,847,482,671,86,348
572,376,3198,386,1696,2148,1361,58,1032,1404,1523,1451,808,816,390,661,65,367
607,404,3106,378,1772,1995,1391,107,1069,1258,1419,1435,703,768,381,665,75,310
526,301,2608,280,1603,1871,1118,86,879,1274,1193,1173,636,630,262,589,76,232
414,227,1825,245,1548,1288,850,56,712,1094,933,961,502,496,208,481,50,187
529,285,2047,318,2062,1616,992,81,860,1206,1147,1126,525,653,232,490,60,234
652,401,3341,421,2650,2419,1355,86,1010,1495,1665,1676,708,838,424,703,86,345
719,416,3344,432,2533,2277,1376,95,1094,1365,1565,1738,719,892,344,752,106,362
636,379,3287,419,2343,2236,1388,111,1112,1578,1662,1618,808,881,409,792,122,375
580,365,3092,434,2329,2256,1295,94,1057,1414,1601,1581,763,799,353,839,151,380
541,278,2607,381,2079,2024,1079,82,938,1123,1371,1402,659,689,269,794,161,308
420,230,1864,290,1709,1297,829,65,617,765,907,903,496,470,218,565,97,237
481,269,2286,385,1757,1541,918,57,711,1056,1082,1127,589,532,257,617,85,274
613,400,3163,442,2161,2142,1377,87,977,1439,1377,1481,842,795,409,992,132,400
648,376,3128,439,2104,2131,1328,66,952,1433,1486,1569,752,811,388,1000,99,392
553,363,3284,386,2413,2161,1284,77,976,1355,1563,1562,758,882,344,1021,119,410
567,290,3158,390,2221,2216,1256,74,967,1384,1627,1674,819,905,317,818,135,353
505,264,2723,350,1993,1776,1132,74,774,1188,1427,1350,711,779,353,819,101,317
431,218,2153,278,1568,1246,902,56,578,751,863,972,436,546,264,489,58,253
432,249,2094,257,1805,1446,923,48,653,912,1067,1070,511,611,260,494,68,248
599,311,3502,376,2995,2294,1303,70,878,1317,1515,1564,777,871,315,701,99,364
635,432,3399,423,3283,2336,1459,90,1000,1445,1536,1730,766,864,302,853,87,401
681,414,3608,400,1984,2339,1427,101,956,1559,1675,1833,879,917,369,894,103,489
581,280,3276,412,1677,2168,1307,98,1012,1472,1458,1550,756,856,314,801,75,398
567,269,2774,372,1431,1826,1207,70,907,1129,1267,1235,622,704,230,607,63,302
447,215,1927,216,1050,1357,884,59,703,858,834,872,449,522,202,438,51,242
481,258,2173,288,1188,1477,1003,65,747,1039,1101,1056,565,582,243,516,66,250
578,354,3189,372,1544,2137,1407,112,1080,1388,1476,1500,737,781,316,684,91,343
631,388,3514,356,1729,2379,1451,93,1099,1571,1588,1547,805,966,350,757,89,389
663,418,3463,408,1886,2340,1320,85,1146,1534,1607,1518,856,922,362,670,63,377
635,389,3306,442,1692,2315,1456,105,1114,1478,1640,1690,892,984,347,760,78,364
633,322,2893,354,1461,2133,1202,73,961,1227,1373,1388,784,811,294,557,72,317
603,264,1928,297,1145,1444,898,66,762,876,924,964,560,533,207,438,67,231
597,371,2298,366,1222,1719,1124,83,841,1079,1085,1159,647,603,241,562,53,265
659,394,3242,474,1857,2337,1459,107,1071,1492,1671,1654,887,925,317,699,108,453
617,411,3331,405,1751,2325,1395,111,1152,1575,1791,1824,930,1017,327,734,113,409
895,531,3452,396,1813,2213,1975,89,1093,1699,1748,2833,979,1077,330,683,126,537
758,371,3233,386,1983,2314,1969,77,1007,1629,1811,1611,903,1070,326,682,104,391
608,293,2662,329,1574,1795,1451,60,776,1291,1395,1301,684,819,341,590,100,303
424,267,1855,287,1035,1220,988,60,524,845,1002,895,486,581,189,476,73,202
464,262,2129,274,1237,1418,1001,59,592,941,1055,1001,628,623,192,792,68,293
682,374,3182,361,1810,2319,1424,104,875,1586,1810,1607,809,1125,355,776,82,395
601,357,3169,403,1823,2245,1402,127,975,1807,1843,1794,872,1005,364,725,78,340
649,368,3072,379,1854,2225,1374,87,949,1605,1664,1814,859,906,400,727,87,376
567,302,2765,329,1542,1960,1292,88,897,1376,1395,1318,821,869,391,624,83,426
567,291,2295,322,1353,1732,1080,74,805,1260,1172,1248,699,714,232,517,63,326
412,242,1863,284,1112,1316,874,66,604,918,966,860,507,560,228,381,48,248
527,265,2108,390,1149,1572,956,71,836,1013,1110,1158,623,754,289,461,56,294
690,363,3113,516,1730,2207,1371,102,1067,1635,1918,1665,914,1007,466,736,81,534
671,382,3340,393,2119,2270,1391,121,1124,1811,1923,1735,902,1224,489,771,97,631
610,380,3869,457,1768,2291,1505,102,1119,1574,1817,1702,873,955,399,729,94,672
597,349,3397,389,1647,2077,1381,104,1129,1462,1709,1563,884,975,364,702,77,398
571,308,2792,384,1457,1696,1295,90,966,1242,1405,1308,794,701,314,616,62,372
480,320,1777,293,1007,1222,876,62,688,770,859,901,515,475,175,467,50,220
473,289,1973,352,1117,1393,963,100,755,937,1139,1146,700,701,264,499,63,306
615,367,3133,397,1490,2100,1258,88,993,1426,1671,1641,834,804,347,650,70,347
646,405,3447,388,1767,2305,1395,96,1320,1683,1894,1829,968,1063,304,770,103,390
728,408,3560,383,1736,2252,1401,92,1302,1778,1855,1775,902,1072,322,714,76,360
672,355,3170,394,2142,2181,1357,90,1223,1467,1765,1731,909,989,325,675,73,349
542,281,2337,333,1678,1779,1072,65,923,1210,1379,1437,691,734,264,529,50,320
473,255,1698,252,988,1240,864,73,716,866,1122,1063,552,479,244,419,41,255
473,262,1876,269,1071,1471,966,75,825,969,1245,1235,715,598,264,531,69,320
593,330,2644,365,1622,2216,1201,122,1019,1509,1961,1850,923,877,305,706,102,403
711,336,2902,353,1665,2236,1373,94,1129,1608,2005,1819,986,1061,299,783,113,447
697,346,2861,385,1762,2170,1279,106,1179,1557,1802,1855,905,1024,321,697,97,403
609,405,2792,481,1731,2322,1412,100,1091,1653,1966,1645,802,1094,349,732,108,422
558,273,2404,351,1342,1776,1099,81,869,1233,1367,1344,624,757,316,478,66,321
462,291,1624,234,956,1251,851,68,722,859,941,991,469,518,204,356,50,210
547,295,1788,264,1120,1404,888,74,810,1021,1094,1159,575,617,214,443,52,272
731,385,2645,364,1555,2078,1332,107,1129,1432,1554,1630,778,924,336,577,90,392
725,369,2774,291,1548,1960,1236,106,1148,1477,1588,1616,761,853,274,622,101,404
562,403,2483,350,1533,1844,1149,103,1148,1279,1429,1475,807,844,232,560,128,393
507,318,2166,363,1256,1525,1137,77,969,1222,1289,1288,634,737,239,493,112,317
538,323,2046,301,1182,1510,921,60,830,1052,1139,1116,525,625,203,443,79,263
458,270,1708,245,955,1176,830,67,674,1511,1051,976,438,463,740,364,63,196
445,294,1948,334,1093,1378,905,60,789,1158,1073,1146,533,587,327,375,99,206
705,409,2796,384,1574,1956,1262,93,965,1568,1522,1636,719,933,299,569,126,334
618,364,2965,330,1699,2069,1412,100,1028,1574,1695,1709,729,954,499,684,174,365
655,429,2893,325,1678,2056,1326,103,1048,1481,1651,1721,793,1030,374,804,111,339
616,445,2668,352,1631,2128,1293,87,1073,1454,1646,1590,868,921,315,580,96,380
621,366,2503,324,1366,1910,1222,75,887,1320,1492,1412,719,899,264,466,85,313
550,571,1849,294,1038,1817,965,65,732,899,1100,1064,520,645,190,442,49,263
579,906,2140,312,1297,1868,1049,83,740,1109,1339,1232,704,771,256,529,92,341
660,449,3207,464,1756,2447,1692,118,1053,1642,1772,1735,891,1129,342,655,101,418
651,407,3266,389,1767,2479,1723,128,1063,1658,2050,1942,990,1170,384,772,103,368
598,372,2938,380,1897,2510,1651,91,1144,1649,1945,1876,938,1080,4590,704,113,421
612,417,2771,369,1669,2227,1384,114,1063,1415,1824,1661,898,928,466,650,96,400
513,329,2338,355,1279,1792,1248,87,949,1180,1401,1304,708,840,287,461,96,247
458,234,1688,250,959,1237,908,65,640,795,1021,868,444,548,192,443,81,191
432,327,1964,290,1039,1425,963,84,664,812,1039,994,583,641,221,511,90,220
581,371,2574,327,1485,1970,1299,118,925,1187,1421,1364,771,788,286,605,131,282
578,369,3003,315,1485,1931,1350,74,1079,1244,1387,1258,741,732,270,613,111,255
583,336,2852,378,1346,1702,1263,94,988,1160,1419,1300,660,844,254,572,83,232
621,279,2135,268,1212,1498,1055,80,865,943,1111,1036,613,614,259,449,93,257
450,225,1740,227,922,1146,806,61,612,692,807,766,411,434,173,395,43,178
462,152,1106,187,627,862,651,33,433,499,581,557,328,240,98,267,53,142
382,184,1051,175,705,865,653,51,530,565,615,625,326,290,121,285,48,106
394,179,1516,213,794,1111,762,54,598,679,690,681,387,387,163,302,56,185
342,196,1149,192,665,900,749,34,487,510,555,552,352,279,109,243,44,131
315,198,1034,175,653,807,573,46,441,522,553,471,288,238,129,240,34,124
357,195,1244,206,716,817,718,60,537,612,554,582,310,310,121,277,39,144
353,213,1350,184,739,947,648,57,572,629,634,659,400,290,123,267,52,152
358,172,1153,211,588,772,582,33,464,527,547,524,288,281,118,271,42,130
410,196,1236,209,676,869,613,39,430,606,539,606,281,307,125,287,43,144
433,208,1510,246,735,1041,733,56,531,631,627,739,381,334,168,272,96,171
424,234,1382,188,648,817,638,44,504,559,588,630,321,315,220,236,74,141
340,203,1158,193,702,747,638,50,532,506,516,582,333,312,158,350,66,128
489,270,1738,230,1011,1132,915,53,774,811,843,845,482,390,129,346,65,171
496,272,1697,245,1004,1239,857,82,621,782,913,905,482,492,155,401,73,176
391,223,1340,245,739,1005,687,47,592,630,708,677,449,378,149,311,64,131
453,293,1459,267,827,1112,751,68,634,726,833,807,508,414,226,344,73,157
558,353,2526,317,1469,1815,1020,91,869,1092,1118,1242,755,603,184,494,116,272
536,318,2929,337,1641,2052,1145,91,969,1065,1338,1211,750,658,230,514,165,277
502,306,2696,323,1420,1734,1115,99,829,1143,1254,1215,630,629,195,581,98,271
532,318,2578,322,1426,1649,1151,79,947,1114,1354,1239,558,755,191,531,100,291
478,254,2353,298,1249,1439,1019,65,760,945,1164,1040,506,512,210,404,141,242
430,220,1681,218,982,1076,777,40,580,703,877,773,426,451,194,344,82,185
579,259,2027,264,3007,1456,920,57,659,1038,1029,1158,562,541,172,621,97,258
601,309,2811,435,1477,1709,1249,93,926,1200,1297,1313,603,710,211,596,113,345
608,388,2951,308,1406,1735,1204,95,898,1191,1223,1356,623,673,237,470,110,268
567,321,2878,355,1609,1699,1245,81,906,1193,1244,1318,548,696,220,537,90,233
534,345,3232,331,1464,1814,1389,111,958,1227,1340,1398,595,676,185,562,82,240
502,305,2752,309,1278,1530,1210,63,801,1084,1104,1136,501,555,174,479,81,216
444,244,1895,265,1040,1160,817,78,577,795,792,840,383,442,132,358,54,216
482,282,2084,290,1156,1249,1034,63,709,851,900,898,468,508,197,407,57,179
606,348,3037,339,1718,2086,1587,77,947,1292,1267,1511,661,660,222,587,67,272
692,338,3385,411,1560,2216,1690,89,1091,1309,1510,1449,689,800,225,558,87,296
624,345,3248,380,1703,2034,1468,87,998,1254,1463,1452,670,723,215,559,100,288
605,365,3242,352,1440,1761,1305,93,1075,1209,1317,1453,618,753,230,523,61,271
561,326,2742,476,1460,1609,1178,71,936,1058,1240,1389,518,607,147,488,73,242
469,219,1869,251,978,1230,899,59,690,826,867,939,452,448,111,363,66,210
466,282,2026,257,915,1313,1003,76,736,882,991,997,508,514,142,343,48,187
618,372,3121,329,1371,1917,1474,92,973,1264,1340,1495,630,699,233,563,89,309
691,411,3477,369,1554,2054,1569,92,1033,1330,1430,1588,665,741,236,524,100,297
621,384,3427,337,1536,1872,1459,94,1042,1316,1432,1618,711,701,301,579,91,330
621,421,3585,343,1643,2026,1460,100,941,1281,1489,1426,684,757,268,526,115,304
579,289,2993,312,1390,1844,1275,86,855,1166,1257,1278,582,614,279,430,87,228
455,292,2005,223,1007,1344,964,91,718,861,923,968,476,486,181,345,71,212
436,313,2485,265,1044,1534,1097,89,807,1009,953,1138,491,613,222,421,100,242
559,415,3322,345,1548,2183,1461,83,1016,1463,1543,1651,585,950,325,591,132,388
628,438,3275,355,1575,2249,1437,117,1035,1449,1607,1828,609,833,282,590,124,311
638,397,3451,353,1604,2147,1401,97,1226,1475,1696,1777,663,943,304,563,92,325
578,365,3450,318,1569,2200,1347,71,1111,1461,1489,1823,645,833,254,604,81,289
497,331,2929,334,1448,1875,1312,87,854,1156,1197,1265,593,662,264,480,67,249
554,244,1997,201,989,1336,854,73,706,798,856,938,449,463,156,348,43,185
465,287,2440,238,1027,1444,935,69,783,920,1028,1146,487,608,166,393,43,200
601,331,3462,365,1823,2228,1401,103,1078,1345,1540,1724,683,820,264,583,88,335
623,388,3333,419,1550,2277,1354,112,1093,1343,1608,1783,722,877,280,598,74,334
645,404,3517,381,1552,2267,1402,101,1059,1373,1534,1813,702,860,261,588,74,329
681,317,3379,388,1555,2356,1444,106,1041,1391,1383,1643,702,672,218,1530,81,326
525,271,2965,338,1324,2151,1195,83,824,1145,1204,1361,656,555,232,1145,64,246
428,221,2061,224,916,1331,881,71,746,787,922,1016,433,505,166,367,55,156
477,247,2182,278,1096,1540,985,73,771,947,995,1133,482,515,192,383,56,191
588,330,2943,347,1541,2148,1341,112,1067,1391,1540,1532,662,821,278,573,94,291
603,386,3213,395,1659,2323,1367,90,964,1547,1490,1775,731,848,243,651,83,355
550,319,3115,412,1728,2491,1505,95,1063,1512,1487,1872,774,833,302,561,87,347
557,350,3100,364,1693,2362,1331,97,952,1419,1656,1798,774,871,359,554,93,358
483,273,2666,322,1254,1791,1125,78,891,1116,1197,1404,598,721,292,444,85,287
379,238,1853,252,903,1313,865,57,681,805,874,1015,477,496,150,339,43,201
429,322,2053,299,1100,1594,1021,77,741,950,1056,1237,588,571,217,451,29,313
568,344,3106,411,1524,2379,1373,66,1025,1434,1550,1717,822,885,316,568,71,366
540,344,3444,388,1471,2339,1367,95,1071,1555,1609,1743,793,840,321,615,48,337
581,419,3275,362,1579,2380,1339,82,982,1458,1601,1924,844,870,345,603,62,502
552,388,3106,443,1527,2275,1257,86,1029,2081,1604,1682,770,812,378,658,78,372
494,314,2625,312,1383,1810,1150,85,941,1073,1249,1330,654,596,241,501,55,265
436,254,1783,230,1067,1387,937,62,722,743,906,1049,477,403,146,356,35,251
404,257,2050,315,995,1468,902,66,762,862,1048,1131,529,714,169,378,49,366
489,331,2900,381,1495,2258,1371,86,1073,1336,1321,1675,716,760,228,527,85,339
487,307,3111,373,1649,2330,1369,82,1086,1422,1433,1671,762,767,277,588,107,370
512,335,3050,376,1581,2240,1395,100,941,1390,1458,1892,774,736,266,598,103,347
582,325,3127,374,1634,2241,1392,109,1011,1303,1422,1741,730,811,302,562,82,333
531,297,2548,335,1367,1896,1259,75,899,1186,1184,1443,673,611,269,495,75,274
403,210,1766,248,945,1362,888,73,662,833,792,1069,475,494,193,362,62,176
400,251,2008,263,1105,1447,972,53,637,857,817,1085,501,507,189,370,59,202
545,342,2712,336,1517,2007,1262,85,880,1228,1205,1506,735,672,273,562,73,324
506,310,2735,323,1496,2081,1272,92,946,1284,1302,1442,724,685,272,533,117,290
569,325,2926,420,1493,2081,1363,80,907,1406,1349,1480,660,748,294,613,85,337
485,316,2662,315,1451,1991,1233,92,890,1190,1109,1295,650,555,242,462,70,291
422,261,2341,267,1234,1788,1036,67,798,991,1000,1124,574,438,220,411,60,199
366,242,1672,241,864,1112,844,52,589,690,678,810,441,332,150,311,83,170
373,239,1898,253,905,1241,846,57,565,769,684,980,475,384,189,372,63,195
403,244,2297,255,1347,1613,945,64,722,1209,965,1251,534,533,187,479,112,468
468,276,2353,273,1248,1600,994,54,746,1081,818,1202,560,498,193,472,116,391
418,242,2360,291,1306,1634,1122,74,808,1001,917,1074,610,524,189,494,111,220
425,273,2358,287,1443,1477,1074,89,715,933,812,1124,599,506,180,547,140,203
398,261,2261,248,1426,1593,962,53,719,946,882,1206,577,550,257,551,194,230
406,239,1935,237,1443,1259,779,48,595,709,741,887,423,452,194,520,209,206
383,299,1888,261,1508,1436,1027,66,560,833,814,978,560,430,224,588,265,230
523,300,2442,308,1593,1662,1143,75,804,958,845,1211,588,556,258,614,216,243
538,318,2488,284,1587,1763,1101,102,808,1082,966,1206,552,554,232,641,197,229
522,310,2428,318,1462,1768,1105,88,737,1060,986,1181,554,587,244,529,126,261
511,281,2594,353,1425,1759,1210,82,989,1096,1033,1229,584,591,271,544,137,245
473,299,2427,317,1333,1577,1087,92,695,1029,941,1150,575,547,225,428,119,276
420,253,2012,238,1113,1280,902,68,615,840,769,947,475,413,207,588,113,223
477,268,2264,266,1281,1407,1038,89,630,961,854,1087,502,475,202,523,107,216
458,297,2696,371,1496,1696,1127,62,858,1225,1102,1285,676,573,223,530,118,260
509,281,2674,447,1385,1807,1146,92,916,1692,1173,1270,611,651,230,582,94,270
515,275,2852,386,1531,1826,1483,71,844,1230,1235,1489,714,660,426,599,88,247
552,328,2772,325,1437,1648,1351,97,928,1258,1090,1291,583,641,301,558,78,256
519,387,2791,320,1294,1632,1178,88,841,1086,1023,1293,527,527,266,529,85,249
600,443,2229,290,1088,1297,1256,74,674,837,869,987,483,479,243,487,58,218
513,451,2307,327,1116,1415,1117,93,624,899,862,1154,524,469,219,419,54,215
542,344,2888,366,1389,1807,1273,76,904,1023,1209,1301,565,635,309,627,48,292
631,332,2991,387,1318,1698,1331,94,822,1113,1117,1342,591,595,292,534,58,265
559,397,3050,376,1561,1874,1254,84,938,1120,1181,1486,658,620,301,630,66,269
485,269,2900,375,1338,1709,1323,93,851,1012,1075,1308,615,627,273,639,82,305
725,460,2599,347,1257,1459,1210,81,866,942,984,1199,491,561,219,589,54,284
479,303,2139,246,1103,1318,974,72,654,892,918,1057,425,480,178,515,70,240
443,256,2136,317,1038,1494,1054,75,644,1022,874,1097,601,501,190,394,61,252
556,317,2730,384,1339,1670,1427,96,786,1070,1069,1334,678,591,218,504,71,303
580,331,2980,465,1444,1798,1444,84,877,1197,1211,1443,602,714,301,476,70,316
565,319,2934,362,1450,1960,1337,105,891,1094,1250,1517,678,656,320,461,77,289
649,348,3041,379,1712,1884,1364,108,857,1169,1194,1501,630,744,285,513,74,274
576,276,3016,394,1492,1850,1313,90,777,1172,1150,1418,724,694,250,383,88,258
471,280,2366,289,1190,1447,1081,81,725,906,974,1092,526,569,257,384,65,301
533,258,2291,314,1221,1719,1135,84,733,921,967,1125,627,582,311,460,48,345
612,381,3171,395,1518,1933,1527,99,900,1160,1179,1544,881,753,279,543,79,284
611,309,3126,337,1557,1935,1505,86,956,1346,1229,1470,714,728,216,486,87,312
580,371,3168,448,1559,2008,1584,87,953,1312,1211,1662,854,683,250,486,62,358
593,326,3038,378,1494,2031,1448,70,1327,1376,1310,1502,757,661,268,535,74,339
615,323,2890,398,1355,1854,1282,101,981,1295,1086,1392,628,599,235,411,84,270
614,274,2250,311,1197,1517,1065,91,820,1041,858,1074,537,532,193,366,64,232
589,276,2398,337,1121,1447,1139,118,805,1117,1006,1227,494,622,244,354,43,235
654,310,2846,406,1598,1987,1495,166,930,1403,1354,1511,754,899,303,883,66,429
678,314,3095,391,1470,2004,1446,124,1014,2706,1401,1440,686,872,251,588,66,307
599,294,3267,394,1512,1975,1497,137,1046,1353,1368,1512,711,788,279,599,78,279
534,285,3081,356,1269,1758,1376,152,1272,1244,1242,1515,650,798,250,424,66,279
478,290,2558,333,1358,1639,1291,116,750,1156,1107,1332,564,609,211,495,69,249
430,240,2217,257,1189,1347,1084,134,737,899,873,1124,623,501,233,441,63,196
455,211,2298,313,1246,1606,1058,150,619,971,930,1182,589,558,208,530,90,240
614,352,3124,373,1629,1997,1455,123,855,1353,1238,1536,703,804,264,580,73,342
582,323,3053,375,1630,2071,1408,140,878,1323,1234,1637,772,721,331,615,88,350
569,327,3132,524,1724,2252,1599,221,920,1392,1209,1584,779,812,298,549,79,239
555,314,3029,402,1653,2027,1457,209,844,1405,1200,1694,690,862,335,634,65,319
483,320,2619,421,1495,1772,1261,147,756,1101,1011,1384,711,699,254,598,63,285
418,214,2089,329,1256,1507,1068,149,583,886,884,1204,527,554,214,621,59,212
423,221,2165,297,1274,1563,1034,131,641,1177,1026,1280,554,637,276,453,61,269
562,318,2955,372,1627,2010,1528,145,1081,1650,1263,1912,829,1163,265,517,72,290
574,360,3020,423,1624,2018,1481,145,924,1379,1307,1611,703,958,265,530,88,289
523,311,2808,388,1678,2235,1474,127,955,1385,1327,1548,668,687,245,682,89,406
541,300,3043,384,1740,2233,1496,110,876,1818,1326,1874,829,786,300,675,87,311
496,248,2640,306,1562,1924,1281,122,817,1144,1079,1397,617,665,227,567,84,225
380,208,2095,231,1192,1555,1079,127,570,983,836,1106,514,540,206,504,44,232
465,258,1946,299,1224,1816,978,109,573,885,860,1025,489,483,203,494,74,234
497,265,2638,365,1463,2046,1347,128,710,1176,1017,1397,627,761,287,535,73,297
516,256,2936,337,1440,1962,1386,116,771,1246,977,1521,675,673,268,498,88,308
489,261,2584,335,1467,1876,1183,111,730,1210,1117,1388,632,625,243,521,61,237
496,268,2517,314,1402,1749,1260,122,750,1210,984,1367,646,626,231,495,59,251
481,241,2489,301,1360,1652,1195,94,734,1206,1079,1272,611,607,199,541,73,357
395,183,1870,224,1118,1309,950,115,610,910,789,995,504,451,163,385,66,291
405,229,1987,268,1100,1525,1014,92,515,859,871,1047,560,483,212,369,58,220
477,248,2405,336,1413,1769,1171,106,623,1100,975,1269,613,589,219,510,64,326
505,290,2606,350,1369,1782,1361,109,806,1070,1086,1330,634,610,195,419,83,281
416,305,2561,306,1390,1724,1311,130,838,1177,1023,1411,601,671,257,506,65,315
502,349,2664,332,1293,1803,1526,97,670,1054,1138,1338,653,673,270,511,69,299
456,258,2385,279,1293,1749,1639,107,640,1035,1039,1320,573,501,194,446,49,251
371,218,1800,235,987,1470,1014,86,638,830,639,1042,444,401,195,380,37,243
401,201,1747,224,1033,1502,962,91,581,896,791,980,480,459,308,403,53,252
438,276,2335,305,1182,1868,1207,108,702,1161,1022,1390,606,530,275,472,63,275
474,265,2586,314,1400,2019,1293,104,755,1111,1053,1404,583,627,235,441,50,292
508,295,2590,298,1435,2014,1331,100,822,1278,1017,1533,635,669,243,511,75,319
501,403,2554,295,1487,2016,1366,95,780,1245,971,1386,677,584,252,470,54,284
440,280,2147,243,1275,1679,1261,120,710,956,979,1234,600,580,218,370,51,228
358,243,1687,256,1101,1530,943,87,629,897,843,1062,546,441,230,354,50,238
419,249,1965,229,1173,1583,1004,90,653,904,812,1126,535,433,212,391,52,213
495,366,2471,337,1331,1858,1313,169,679,1101,910,1322,668,543,317,462,58,263
455,361,2587,369,1409,1998,1317,171,872,1179,1190,1475,676,665,297,807,72,346
446,288,2641,296,1359,1818,1298,159,836,1309,1060,1388,629,615,213,505,53,302
470,278,2627,257,1646,2097,1215,160,711,1191,1094,1403,700,676,233,560,56,314
355,292,2235,262,1259,1780,1234,119,624,1130,940,1203,579,567,222,466,47,264
314,181,1747,229,1024,1452,905,104,560,821,841,959,520,451,182,316,62,247
335,204,1730,263,1086,1599,863,112,540,901,897,978,469,552,197,346,45,255
421,260,2430,308,1351,1930,1245,139,726,1166,1010,1316,632,710,292,479,43,272
406,253,2433,272,1391,1817,1166,195,855,1153,997,1216,735,645,247,451,49,264
411,291,2426,323,1348,1758,1208,164,740,1216,962,1261,618,590,350,485,61,227
427,229,2326,347,1418,1832,1179,139,706,1093,930,1208,593,612,247,548,56,265
365,197,1948,248,1196,1507,1021,107,617,1001,832,1034,530,498,215,418,55,209
358,260,1614,212,945,1261,939,123,542,818,707,825,393,472,202,356,33,176
335,212,1681,232,922,1298,891,158,489,920,696,926,462,429,158,375,40,142
405,323,2295,290,1229,1854,1250,111,675,1064,905,1244,549,586,289,391,49,229
420,315,2345,266,1137,1823,1190,175,699,1209,921,1333,608,588,230,421,41,304
382,253,2346,262,1327,1762,1119,92,625,1149,944,1272,668,546,238,443,47,212
389,223,2199,245,1251,1776,1086,158,756,1131,1093,1255,622,682,259,394,51,252
774,210,2054,250,1175,1599,1074,96,651,962,814,1124,520,574,209,403,43,371
326,255,1578,223,1045,1318,827,100,572,734,705,953,564,401,202,342,36,330
326,191,1595,230,930,1300,842,102,574,819,769,915,443,474,247,347,30,245
427,267,2377,258,1249,1768,1085,137,718,1033,1005,1192,539,517,240,464,42,225
435,255,2217,261,1152,1570,1025,99,627,921,849,1081,450,476,238,410,37,230
386,265,2133,315,1075,1618,1030,111,695,977,778,1094,485,408,178,345,60,241
362,234,1943,223,1144,1572,999,75,670,935,770,1067,437,406,170,285,36,197
354,196,1742,261,965,1228,951,111,628,807,765,862,359,437,184,352,35,233
285,197,1569,202,726,984,676,106,564,687,534,640,305,321,168,258,32,157
347,181,1379,206,832,1092,714,75,532,778,569,691,374,582,161,258,25,132
416,268,2101,294,1162,1516,988,79,750,954,835,1226,532,432,240,338,34,229
422,248,2090,291,1160,1554,1004,90,822,876,742,917,497,451,271,354,26,178
371,222,2122,268,1342,1594,1047,111,720,936,883,976,510,493,317,368,41,160
364,277,2213,239,1185,1442,1047,71,781,896,1156,980,475,499,254,320,32,198
383,220,1959,181,1083,1458,973,98,724,896,726,833,430,412,237,437,47,277
320,221,1383,211,834,1145,682,72,608,690,661,693,344,318,157,340,41,154
329,189,1565,245,836,1260,816,114,510,734,789,854,430,405,251,564,26,219
402,274,1981,254,1139,1620,1128,106,802,1038,786,1025,526,473,244,485,26,228
426,316,2151,249,1180,1577,1014,112,829,1068,855,1031,480,572,201,464,35,210
445,297,2193,281,1217,1670,1103,114,1324,1125,911,1081,567,539,180,576,37,271
458,247,2017,254,1233,1753,1048,98,1197,1007,806,1158,557,492,196,604,54,207
390,206,1897,195,1081,1545,982,116,701,871,739,1075,505,459,190,533,39,249
360,217,1448,155,901,1286,767,58,887,686,553,788,385,334,158,399,54,168
662,147,1498,193,956,1222,802,70,548,741,642,940,444,417,156,417,49,153
531,237,2107,256,1307,1724,1046,119,699,1041,836,1154,521,538,223,607,41,204
443,264,2140,220,1287,1973,1003,94,711,999,913,1269,528,554,165,477,49,219
438,247,2054,285,1098,1670,1043,155,807,855,748,1119,492,494,235,429,62,226
485,279,2098,273,1113,1572,971,112,779,962,777,1067,593,435,180,359,52,258
364,210,1848,232,984,1458,989,112,676,868,745,929,408,399,166,377,48,214
381,230,1356,218,1334,1576,806,98,504,867,803,1054,453,352,174,655,67,205
432,182,1528,249,1170,1440,801,73,524,1442,714,1109,433,420,136,470,93,180
462,214,2081,265,1141,1691,1056,122,784,1102,847,1074,477,417,190,421,76,202
411,262,2016,255,1127,1588,1027,127,808,994,789,1173,583,492,175,385,42,183
446,243,2025,243,975,1441,990,173,696,942,814,992,503,541,194,372,44,162
392,268,2064,238,1048,1659,1001,94,628,865,763,1145,531,537,176,337,48,190
394,176,1790,235,889,1307,897,66,507,812,636,981,375,398,214,339,50,180
344,222,1343,199,761,1108,673,71,484,617,611,756,322,359,143,345,36,140
334,252,1576,240,928,1425,1029,90,385,986,805,796,376,406,166,352,34,161
376,222,1963,216,1036,1355,921,113,533,804,693,928,465,415,173,377,58,199
426,269,2093,282,1166,1537,1056,119,655,941,771,946,442,505,198,406,53,162
531,236,2026,230,1115,1517,1099,151,769,935,760,1009,460,565,217,420,58,179
439,236,2054,228,1088,1624,1192,96,668,897,726,1041,486,466,175,450,55,192
432,236,1933,272,1134,1586,922,171,671,840,852,1104,489,504,183,437,66,213
329,257,1377,183,943,1272,734,110,569,760,740,750,437,394,202,385,58,147
342,205,1421,212,872,1233,776,135,533,716,676,878,437,725,171,326,71,133
402,351,2058,254,1176,3241,1047,149,867,1071,919,1184,579,549,222,448,77,211
402,267,2193,246,1320,2032,1094,165,894,972,843,1135,515,523,280,494,70,270
408,279,2222,266,1249,1767,1157,160,736,1042,859,1335,524,487,246,463,71,187
425,292,2188,253,1186,1833,1116,169,791,1117,934,1288,479,572,179,470,63,207
359,248,2068,256,1022,1591,1062,163,649,901,777,939,418,461,152,357,54,190
394,185,1417,182,923,1162,920,118,533,778,659,808,356,374,170,324,46,148
438,232,1600,209,950,1279,888,157,522,756,694,864,432,420,150,347,44,161
531,270,2202,221,1128,1505,1114,169,818,1053,843,982,439,512,151,350,60,201
442,349,2087,246,1189,1569,1178,163,1048,1094,872,1125,465,525,203,417,56,185
445,326,2209,256,1157,1618,1118,209,862,970,906,1018,472,529,148,364,36,168
433,273,2305,247,1177,1617,1169,173,827,1121,915,1059,503,612,166,385,42,203
451,321,2085,255,1078,1448,1114,162,740,937,790,1004,427,577,144,360,53,153
353,194,1491,239,861,1063,818,120,562,773,649,754,314,449,137,297,35,125
356,227,1688,234,849,1267,889,110,653,840,706,796,413,434,147,359,53,183
461,299,2322,246,1183,1568,1208,171,926,1098,918,1093,440,561,183,451,59,207
481,278,2373,282,1362,1806,1189,194,892,1125,960,1154,510,600,234,452,51,232
413,291,2505,313,1308,1599,1207,161,908,1193,925,1143,510,654,191,483,39,191
452,280,2726,323,1316,1612,1236,182,934,1105,881,1219,466,630,190,458,52,205
451,284,2315,270,1241,1447,1113,154,755,1117,927,1284,479,559,209,498,47,214
384,255,1688,201,922,1280,822,95,703,933,733,895,390,548,154,354,46,165
373,290,1988,241,914,1328,933,130,608,856,727,874,405,462,198,338,44,143
452,314,2576,293,1216,1702,1240,130,901,1192,1036,1172,550,667,209,370,45,190
483,313,2939,337,1399,1696,1382,180,963,1362,1019,1215,516,624,229,378,48,208
448,304,2962,366,1419,1921,1394,194,948,1232,1002,1425,521,690,208,368,49,339
409,334,3096,378,1421,1722,1328,177,933,1167,979,1336,525,642,188,428,33,302
412,292,2582,326,1234,1642,1292,155,861,1052,938,1188,447,662,166,370,44,183
358,224,1887,248,894,1256,910,98,667,707,635,951,395,411,163,305,40,187
352,250,2234,246,953,1427,1048,139,668,848,823,1069,419,516,198,298,43,173
502,354,3287,345,1358,1823,1361,215,930,1292,1164,1384,559,734,241,439,49,257
468,313,3199,338,1365,1886,1455,188,1018,1467,1311,1453,543,696,235,596,61,209
507,323,3228,358,1495,1925,1485,186,981,1442,1293,1413,613,820,220,753,49,280
474,390,3294,341,1420,2038,1550,230,963,1420,1299,1505,621,886,309,1107,68,265
487,320,2973,368,1274,1675,1429,202,969,1362,1128,1318,539,680,197,1124,46,274
331,313,2273,265,1141,1502,1000,116,759,974,911,1060,420,516,197,1025,51,188
380,289,2195,304,1146,1418,1152,163,698,1045,1061,1137,491,668,217,933,40,231
462,446,3325,386,1642,2108,1569,179,1110,1482,1453,1671,631,954,323,1095,50,298
505,429,3515,377,1595,2322,1665,195,1198,1590,1592,1744,666,881,318,1052,55,331
542,388,3515,392,1474,2344,1591,197,1031,1630,1771,1700,589,943,313,1128,52,317
465,361,3362,370,1332,2261,1435,207,968,1528,1625,1774,624,768,302,1018,68,294
494,369,3060,317,1387,2156,1399,192,975,1341,1329,1434,592,733,270,704,40,236
371,285,2152,256,1112,1622,1025,119,874,1257,1473,1194,457,612,249,490,45,238
426,254,2339,265,1153,1846,1097,142,765,1086,1192,1360,544,738,306,558,41,256
550,448,3618,406,1608,2447,1653,190,1169,1619,1722,2043,782,932,532,748,553,537
538,470,3645,457,1538,2429,1637,213,1135,1608,1638,1853,834,1103,425,845,1592,481
528,504,3671,439,1546,2652,1748,227,1165,1436,1633,1748,858,963,406,819,140,341
458,497,3368,424,1440,2459,1528,221,1174,1638,1605,1854,685,940,281,754,80,433
522,330,2883,383,1391,2100,1410,216,1055,1282,1263,1543,668,844,235,739,118,324
382,349,2140,285,997,1569,1157,96,752,1162,1077,1234,463,567,197,466,128,265
419,294,2577,249,1150,1827,1289,131,713,1050,1124,1312,517,587,228,530,57,416
544,546,3540,394,1477,2400,1631,184,1010,1460,1544,1707,809,886,327,634,87,323
526,423,3436,411,1738,2570,1655,145,1093,1523,1569,1909,678,854,313,757,90,416
458,436,3376,399,1532,2612,1734,156,1228,1671,1534,1776,738,920,300,683,110,297
513,447,3182,387,1340,2178,1615,179,883,1322,1394,1572,607,734,291,634,82,324
452,317,2899,358,1305,1697,1362,133,731,1138,1279,1382,590,702,317,567,85,240
419,248,2105,315,1193,1522,994,93,705,914,1033,1124,440,542,230,479,87,214
357,248,2362,305,1034,1554,1004,97,603,1030,1028,1212,536,635,315,538,81,216
487,396,3341,458,1421,2379,1631,150,1073,1506,1538,1738,752,921,339,602,149,265
433,336,3412,422,1465,2307,1447,155,1150,1603,1613,1790,859,821,264,602,127,281
482,482,3959,457,1918,2727,1843,153,1385,1657,1791,1891,856,1032,357,653,114,346
482,401,3979,437,1764,2507,1595,139,1384,1731,1578,1887,856,1038,290,635,106,311
453,401,3668,370,1501,2189,1515,124,1055,1402,1365,1502,738,743,315,543,59,337
365,293,2657,290,1158,1714,1159,115,889,1086,992,1255,659,690,211,493,61,205
457,298,2658,361,1157,1750,1175,145,848,1135,1092,1240,552,700,209,528,52,274
656,456,4221,392,1680,2799,1681,166,1241,1677,1632,1762,865,1078,301,774,76,390
618,367,3941,443,1954,3053,1910,288,1366,1953,1714,2193,1005,1000,392,853,90,381
521,461,3899,441,1835,2614,1680,140,1386,1723,1709,1914,858,1048,316,729,57,351
547,354,3840,403,1739,2725,1681,193,1215,1555,1500,1749,743,912,235,576,52,301
537,347,3429,372,1516,2237,1438,146,1130,1417,1449,1595,679,901,258,609,65,270
482,348,2505,311,1208,1816,1041,95,875,1054,1459,1123,543,659,213,478,43,197
473,255,2664,357,1271,2055,1176,98,924,1211,1079,1305,705,734,239,479,57,240
574,413,4039,478,1943,2734,1600,141,1434,1687,1664,1926,915,1151,375,676,52,349
693,457,4146,459,1792,2672,1637,218,1662,1744,1638,1913,886,920,320,751,60,289
545,375,3847,439,1847,2596,1743,164,1461,1750,1700,2035,884,928,370,758,59,337
610,356,3708,417,1953,2596,1641,154,1203,1529,1565,1776,850,1126,344,727,79,304
517,384,3542,388,1703,2197,1403,115,1100,1459,1367,1599,717,902,247,696,67,323
409,243,2324,273,1180,1735,1101,81,818,1184,1138,1159,568,716,265,425,68,193
374,226,2690,343,1189,1812,1223,126,720,1162,1130,1299,622,671,324,456,65,203
465,354,3814,453,1775,2522,1609,128,1104,1715,1530,1737,894,1024,355,605,53,369
455,408,3625,390,1801,2517,1478,115,1210,1791,1622,1836,837,1054,350,615,69,358
522,455,3938,393,1788,2507,1499,158,1115,1632,1586,1794,863,939,335,684,80,326
491,353,3814,404,1725,2411,1422,111,1212,1504,1498,1833,850,988,355,711,72,335
479,276,3203,395,1574,2284,1472,140,919,1262,1302,1706,674,776,308,647,59,296
362,262,2162,243,1152,1480,1102,129,1059,1127,953,1267,595,616,307,381,40,228
410,275,2482,360,1122,1589,1059,100,775,1169,1049,1295,592,575,281,487,38,199
669,428,3812,438,1903,2586,1659,150,1208,1793,1801,2007,784,1123,349,649,63,289
552,400,3863,357,1908,2510,1687,143,1416,1855,1909,1790,809,1027,363,755,43,337
508,314,3592,333,1677,2485,1495,121,1243,1639,1646,1691,751,928,285,600,68,250
522,375,3632,459,1674,2464,1409,123,1319,1846,1672,1940,818,999,324,625,58,374
433,384,3215,382,1464,2100,1411,98,1011,1534,1710,1752,693,850,364,505,65,312
368,234,2476,268,1121,1550,1023,93,872,1003,1034,1230,581,641,224,362,47,272
397,238,2575,274,1225,1740,1130,124,770,1103,1130,1318,624,733,255,565,38,321
507,342,3896,432,1798,2565,1458,154,1132,1720,1716,1877,863,962,494,744,66,360
522,413,3860,407,2041,2696,1650,172,1306,1721,1588,1815,968,1073,394,575,73,306
501,321,3509,365,1841,2483,1497,124,1249,1665,1661,1739,728,937,451,608,94,319
414,330,3774,356,1936,2519,1651,154,1227,1637,1552,1843,866,1016,374,533,81,282
441,301,3039,432,1578,2207,1260,136,941,1451,1430,1454,645,865,255,514,76,234
358,212,2043,300,1157,1401,930,99,557,961,1003,1251,574,650,310,435,41,160
362,271,2558,318,1411,1845,1116,125,764,1178,1256,1420,548,828,464,570,49,201
550,333,3508,396,1814,2657,1455,171,1072,1710,1559,1916,867,950,511,645,71,283
545,420,3670,373,1805,2648,1446,106,1218,1736,1718,2006,846,906,548,645,75,369
565,416,3549,426,2037,2525,1513,146,1182,1718,1776,2323,1105,1055,349,864,85,420
516,379,3704,428,1921,2528,1498,132,1246,1608,1567,1921,990,1017,337,769,126,458
500,323,3263,416,1979,2437,1337,133,1174,1565,1497,1862,885,1028,337,649,88,423
425,301,2437,378,1466,1839,1089,96,1002,1489,1361,1491,687,741,266,578,80,233
394,324,2742,320,1610,1942,1137,106,975,1340,1325,1489,789,805,254,639,76,273
577,417,3506,416,2061,2730,1613,172,1449,2101,1982,1988,1065,1140,313,688,77,378
559,375,3414,389,2145,2873,1647,138,1375,2037,2030,2003,1266,1622,420,598,89,407
457,323,3179,375,1984,2359,1419,144,1564,1747,1919,1824,820,901,334,691,74,422
448,372,3025,350,1797,2338,1417,135,1303,1627,1797,1700,870,1012,338,667,97,301
454,354,2741,310,1716,1965,1168,77,1060,1456,1497,1484,753,874,276,481,86,282
419,274,2339,324,1570,1904,1348,100,975,1288,1555,1118,702,773,239,480,73,206
408,250,2471,337,1409,1743,1052,109,870,1364,1419,1332,679,665,280,507,92,315
507,313,3386,359,1880,2231,1424,140,1240,1768,1979,1851,887,1092,407,711,177,384
560,383,4101,386,2120,2780,1830,169,1343,2072,2010,1935,937,1219,386,773,91,349
506,307,4065,410,2230,2874,1622,145,1543,1882,1737,2069,1017,1080,362,690,103,343
492,423,3672,443,2044,2744,1716,131,1494,1670,1676,1881,815,1049,320,649,101,404
475,375,3172,360,1696,2325,1368,154,1324,1563,1469,1689,756,919,306,637,113,352
481,258,2719,296,1344,1975,1115,136,943,1156,1079,1386,596,639,261,462,81,217
465,282,2494,333,1457,2091,1279,109,993,1141,1184,1366,678,656,282,413,59,273
551,451,3806,426,2243,2756,1691,162,1347,1739,1702,1886,1032,1072,381,817,122,355
499,378,3356,383,2034,2496,1689,165,1390,1742,1585,1936,1005,1118,367,692,84,361
493,389,3614,366,1973,2819,1676,151,1369,1689,1615,1798,996,1074,317,603,70,336
517,323,3452,301,1922,2525,1642,140,1243,1627,1615,1718,1048,942,302,740,93,350
519,451,3336,296,1809,2254,1741,174,1353,1425,1602,1663,921,1133,283,632,85,343
434,287,2402,270,1388,1723,1177,107,960,1083,1085,1273,662,776,324,456,87,253
609,264,2566,324,1296,1884,1316,126,874,1072,1166,1315,719,884,283,511,116,250
499,373,3724,363,2339,2488,1706,174,1338,1679,1528,1961,977,1094,467,721,124,347
556,343,3892,325,2223,2727,1777,175,1422,1696,1699,1932,892,1180,378,768,139,366
529,408,3515,403,2167,2498,1697,153,1350,1798,1856,1784,874,1187,403,871,117,374
479,394,4002,418,1917,2490,1754,238,1344,1711,1559,1710,835,928,344,906,103,328
422,314,2674,305,1593,2039,1449,170,1167,1231,1270,1671,676,790,249,559,75,260
373,370,2032,274,1245,1518,1191,110,922,999,964,1227,474,654,225,363,66,140
376,224,1859,237,1335,1271,1007,112,736,970,922,1069,486,560,241,407,106,202
429,391,2507,287,1635,1916,1231,152,1349,1285,1118,1493,663,730,277,586,144,274
404,281,2207,295,1570,1810,1113,142,1120,1089,1070,1263,629,736,258,538,113,254
436,259,2053,237,1300,1623,1036,133,1142,1014,1137,1048,537,618,214,492,82,287
430,335,1780,188,1099,1361,947,125,1011,801,729,884,460,531,217,420,104,137
319,157,1338,179,889,852,631,70,559,537,483,532,288,307,134,330,105,118
331,194,1583,193,1215,1048,800,93,858,754,703,779,404,400,222,425,117,169
346,193,1635,237,1116,1156,769,71,649,718,658,817,455,410,151,389,90,213
532,372,1956,261,1400,1507,999,110,985,1013,938,1162,598,508,211,397,109,190
426,270,2121,254,1289,1379,996,98,997,902,912,1052,453,531,271,485,94,214
421,214,2181,285,1257,1395,1094,110,966,998,861,995,462,490,192,438,63,230
375,244,1462,243,1045,1096,700,102,706,678,732,729,382,367,189,321,50,229
338,176,1343,215,818,1000,708,83,648,551,585,751,301,335,108,295,46,164
437,318,1981,300,1126,1287,867,112,971,805,977,925,455,524,231,361,59,194
406,247,2057,233,1191,1282,947,94,708,778,846,906,445,530,173,389,46,240
482,374,2600,380,1495,1962,1333,139,1032,1161,1145,1369,649,762,231,529,56,297
442,327,2808,454,1549,1927,1297,148,1072,1177,1069,1366,525,592,214,434,72,288
522,309,2828,331,1421,2117,1355,115,1165,1152,1145,1395,570,729,202,388,58,288
405,310,2794,319,1437,2096,1351,161,1427,1156,1197,1566,678,778,266,419,45,256
425,307,2654,276,1355,1683,1210,139,1034,1000,1008,1164,563,628,170,464,49,237
358,246,2112,238,1126,1370,995,115,796,887,972,1071,522,517,168,306,40,193
388,277,2369,274,1169,1506,1079,137,743,925,928,1173,559,624,183,381,55,235
476,405,3540,358,1712,2010,1601,159,1141,1471,1398,1690,642,1277,242,516,63,259
494,335,3448,384,1764,2292,1499,162,1120,1402,1470,1561,719,1272,260,490,66,287
467,491,3589,342,1897,2131,1433,175,1169,1395,1404,1595,715,864,232,474,58,308
497,341,3576,359,1454,2048,1412,143,1049,1195,1195,1530,700,706,249,422,50,282
433,250,2876,332,1352,1696,1211,139,841,1204,1088,1220,595,737,273,434,83,227
359,195,2010,283,1025,1533,911,108,580,921,821,917,578,737,255,371,50,178
378,220,2169,333,1033,1481,916,92,539,865,822,935,473,549,256,339,83,173
492,266,2844,405,1318,1860,1280,137,893,1252,1198,1230,643,753,238,387,60,239
453,279,3531,468,1437,2150,1438,159,749,1322,1385,1576,787,687,246,470,65,248
446,338,3561,395,1352,1900,1423,126,1048,1302,1121,1373,580,727,218,548,52,233
472,335,3283,401,1382,1810,1281,122,968,1286,1171,1324,552,744,227,435,59,228
436,302,3286,380,1480,1952,1446,100,874,1300,1436,1478,623,763,273,604,48,242
407,284,2499,313,1078,1635,1067,123,748,984,949,1127,510,557,197,491,40,205
357,260,2555,310,1140,1520,1050,135,686,1043,986,1027,498,551,205,436,58,235
416,320,3515,352,1435,2117,1500,178,1056,1527,1354,1397,648,787,300,1062,57,290
408,288,3502,429,1390,1992,1360,158,961,1381,1482,1397,676,860,219,892,51,269
544,372,3857,389,1611,2143,1527,169,1092,1536,1559,1497,709,764,285,783,61,280
466,409,3650,295,1694,2123,1343,188,1057,1603,1511,1523,691,822,293,616,66,256
424,328,3334,273,1347,1888,1317,135,882,1392,1391,1269,542,741,277,524,56,215
392,317,2377,257,1100,1713,1116,134,730,1140,1009,1035,500,775,202,445,45,232
390,238,2666,321,1159,1716,1069,104,703,1176,1070,1160,523,602,235,416,40,182
446,348,3674,348,1623,2405,1494,150,957,1549,1420,1594,655,849,355,562,50,272
445,353,4003,359,1618,2224,1503,159,1013,1701,1584,1566,686,892,326,677,78,328
630,330,3882,394,1679,2359,1527,179,1009,1443,1721,1827,762,1030,277,780,54,344
482,411,3762,343,1470,2317,1495,162,1019,1434,1517,1629,722,898,310,600,72,263
398,310,3039,366,1352,1901,1358,155,833,1294,1213,1403,601,669,271,531,68,274
352,217,2416,261,1146,1655,1057,95,728,901,918,1099,534,610,161,367,44,231
366,301,2411,326,1191,1692,1076,140,644,1073,1042,1176,584,603,209,440,77,223
465,309,3367,309,1597,2231,1409,143,932,1414,1323,1507,736,778,281,632,82,251
506,371,3280,417,1453,2334,1451,175,1021,1523,1448,1768,668,949,360,631,96,294
1073,335,3385,360,2038,2369,1519,303,1137,1528,1491,1902,715,850,335,748,98,286
480,271,3293,351,1495,2298,1343,162,1109,1387,1343,1607,712,866,372,831,193,289
460,282,3019,350,1377,1877,1283,154,873,1259,1071,1419,581,734,325,519,144,235
445,263,2115,268,992,1507,1050,106,700,906,908,1030,488,561,231,428,122,181
359,235,2350,325,1027,1560,1044,114,641,1006,927,1058,509,711,223,440,136,204
495,370,3002,390,1434,2216,1361,145,894,1316,1528,1553,658,798,292,568,159,265
524,333,3431,377,1477,2186,1464,149,1087,1440,1265,1563,667,840,318,650,174,290
472,356,3274,365,1487,2330,1323,196,1103,1397,1386,1519,624,910,265,694,102,373
516,309,3232,391,1433,2297,1338,171,1070,1380,1470,1937,673,885,316,614,101,337
477,322,3111,337,1364,2122,1440,166,924,1133,1235,1515,638,678,225,534,66,285
375,245,2190,303,1029,1617,1059,114,706,981,967,1261,523,686,181,453,51,195
609,235,2340,283,1190,1946,1072,131,723,997,1022,1346,633,619,197,572,61,284
554,303,3319,341,1531,2387,1532,163,942,1414,1474,1640,690,847,300,763,74,330
537,346,3383,339,1424,2462,1487,171,1145,1384,1414,1642,595,872,300,612,68,328
553,411,4053,376,1855,2270,1674,236,1067,1762,1384,1888,757,1063,348,528,86,342
506,362,3552,354,1734,2216,1574,177,1022,1512,1433,1722,748,1037,335,581,80,369
463,331,3090,355,1518,2062,1631,146,966,1233,1272,1469,702,835,327,572,59,319
386,238,2368,272,1140,1658,1107,115,824,1011,1028,1152,544,674,270,448,48,239
462,205,2405,323,1272,1867,1181,139,826,1120,1173,1472,683,640,258,524,44,243
520,572,3695,382,1705,2650,1584,202,1182,1471,1573,1712,869,1054,314,628,73,334
622,377,3656,499,1762,2651,1747,173,1016,1641,1641,1888,820,1172,303,619,66,286
589,572,3911,398,1594,2283,1688,180,1058,1381,1510,1693,775,851,269,656,67,315
529,389,3643,388,1810,2317,1668,192,986,1551,1593,1700,862,1016,350,605,70,377
473,328,3272,367,1602,2271,1593,179,954,1383,1512,1471,791,869,271,711,73,344
366,286,2268,321,1273,1612,1033,154,779,995,1056,1154,558,642,208,476,52,247
421,322,2411,332,1293,1838,1196,147,744,1015,1203,1261,583,707,262,501,37,250
517,386,3442,455,1729,2393,1686,133,1068,1561,1773,1702,817,1000,293,712,60,336
538,412,3625,408,1742,2494,1735,206,1184,1587,1639,1884,942,944,250,758,108,342
556,482,3732,458,1836,2865,1767,177,1105,1537,1693,1790,976,965,329,795,61,291
546,377,3518,391,1883,2371,1553,170,1016,1613,1615,1730,780,877,286,934,77,368
418,347,3012,337,1552,2168,1391,127,899,1404,1373,1523,618,783,332,772,83,225
454,253,2139,335,1218,1682,1033,125,829,1104,1097,1196,529,670,219,813,64,187
443,281,2315,393,1338,1764,1217,135,719,1142,1233,1363,635,715,277,820,69,298
523,424,3374,346,1643,2588,1408,146,1025,1550,1557,1907,842,831,305,920,84,336
